id,conversation_id,created_at,date,time,timezone,user_id,username,name,place,tweet,language,mentions,urls,photos,replies_count,retweets_count,likes_count,hashtags,cashtags,link,retweet,quote_url,video,thumbnail,near,geo,source,user_rt_id,user_rt,retweet_id,reply_to,retweet_date,translate,trans_src,trans_dest;
"1439980556549165057,1439973668327542784,2021-09-20 22:51:32 SE Asia Standard Time,2021-09-20,22:51:32,700,742285340828798976,asfairus,Ordinary people #GOLPUT,,@NediSetiadi @macanutara_ Dukung gih 3periode💃💃💃💃💃💃,in,[],[],[],2,0,1,[],[],https://twitter.com/AsFairus/status/1439980556549165057,False,,0,,,,,,,,""[{'screen_name': 'NediSetiadi', 'name': 'Nedi Setiadi', 'id': '216261549'}, {'screen_name': 'macanutara_', 'name': 'macanutara_', 'id': '1135805814642335745'}]"",,,,";
1439927032591237126,1439927032591237120,2021-09-20 19:18:51 SE Asia Standard Time,2021-09-20,19:18:51,700,1007106325497593856,jabenk_kulon,┴┬┴┬┴┬┴ ❼,,Gue juga gak rela kalo jokowii 3periode....,in,[],[],[],0,0,0,[],[],https://twitter.com/jabenk_kulon/status/1439927032591237126,False,https://twitter.com/CNNIndonesia/status/1439896430513057792,0,,,,,,,,[],,,,;
"1439875442421354499,1439391529559224320,2021-09-20 15:53:51 SE Asia Standard Time,2021-09-20,15:53:51,700,1399290283309735938,takon_wong,Wong Takon,,""@Legionnairen @PutraWadapi Waduh bkn pilihan gw 😊, apa lagi yg nambah 3periode rusak negri ni 🤣🤣🤣"",in,[],[],[],1,0,0,[],[],https://twitter.com/takon_wong/status/1439875442421354499,False,,0,,,,,,,,""[{'screen_name': 'Legionnairen', 'name': 'bakayaro', 'id': '1231397413140627456'}, {'screen_name': 'PutraWadapi', 'name': 'Christ Wamea', 'id': '1335782127791554563'}]"",,,,";
1439824708363382792,1439824708363382784,2021-09-20 12:32:15 SE Asia Standard Time,2021-09-20,12:32:15,700,1245250167399264256,rakyatbias4,~A.NDR.II~,,Segala sesuatu yg BERLEBIHAN memang TIDAK BAIK.. CONTOH.. nambah jabatan 3periode itu SANGAT TIDAK BAIK serta MELANGGAR KONSTITUSI...  Sadarlah dan bertaubatlah wahai orang-orang TERSESAT...,in,[],[],[],1,2,15,[],[],https://twitter.com/rakyatbias4/status/1439824708363382792,False,,0,,,,,,,,[],,,,;
"1439675234802569216,1439646082066051072,2021-09-20 02:38:18 SE Asia Standard Time,2021-09-20,02:38:18,700,1126484689718407168,yhantimiftha,Y-catsweety88739,,""@PutraWadapi Kemampuannya hny pencitraan Tkut jokodog jika dipertahankn smua mentri2 nya hingga pembantu2 nya bhkn anak&amp";"mantu hingga diri sndiri akn kecium korupsinya.,rakyat setanah air dinegeri ini bakal tau smua Nnti 3periode kaga berjln mulus deh😅"",in,[],[],[],0,0,3,[],[],https://twitter.com/yhantimiftha/status/1439675234802569216,False,,0,,,,,,,,""[{'screen_name': 'PutraWadapi', 'name': 'Christ Wamea', 'id': '1335782127791554563'}]"",,,,"
"1439608245560115209,1439485556912574464,2021-09-19 22:12:07 SE Asia Standard Time,2021-09-19,22:12:07,700,1394140838381252608,guyubrahardjo,rahardjoguyub,,@RAMujiyono @alimuhsuharli @MelaniLSuharli Muda adalah kekuatan Tua masih bisa berkarya Bu Hj.Melani L Suharli..DPR RI 3periode dan bpk H. Ali Muhammad Johan C DPRD période pertama Pasangan ini kaya akan program kerja yg langsung menyentuh warga masyarakat selalu berbagi dan perduli ditengah pandemi Covid.  https://t.co/e2jvZCeMhp,in,[],[],['https://pbs.twimg.com/media/E_qEEJVUUAAo2I5.jpg'],0,0,0,[],[],https://twitter.com/guyubrahardjo/status/1439608245560115209,False,,1,https://pbs.twimg.com/media/E_qEEJVUUAAo2I5.jpg,,,,,,,""[{'screen_name': 'RAMujiyono', 'name': 'RAM', 'id': '1088144288'}, {'screen_name': 'alimuhsuharli', 'name': 'Ali Muhammad Johan Suharli', 'id': '342730325'}, {'screen_name': 'MelaniLSuharli', 'name': 'Melani Leimena Suharli', 'id': '198775053'}]"",,,,";
1439521476495904771,1439521476495904768,2021-09-19 16:27:19 SE Asia Standard Time,2021-09-19,16:27:19,700,4776856987,wbudi444,W Budi,,Yang blm divaksin dilarang minta 3periode.,in,[],[],[],0,0,0,[],[],https://twitter.com/wbudi444/status/1439521476495904771,False,,0,,,,,,,,[],,,,;
"1439507654930419713,1439143846835748864,2021-09-19 15:32:24 SE Asia Standard Time,2021-09-19,15:32:24,700,908989468736024576,nanangkampung,Nanang Wijayayanto,,""@idtodayco Ormas yg mengajarkan sistem negara selain kapitalis-demokrasi dan sosialis-komunis di bubarkan, sekaran ada organisasi yg terang2 menghancurkan demokrasi baik2 saja bahkan bebas menyuarakan 3periode."",in,[],[],[],0,0,0,[],[],https://twitter.com/nanangkampung/status/1439507654930419713,False,,0,,,,,,,,""[{'screen_name': 'idtodayco', 'name': 'IndonesiaToday', 'id': '1082992095361609728'}]"",,,,";
"1439451166593544204,1439451166593544192,2021-09-19 11:47:56 SE Asia Standard Time,2021-09-19,11:47:56,700,2280489061,antonhardcore3,😎tanpoaran😵,,""Saya mendukung 3periode,,, karena terbukti mampu meningkatkan pemerataan kesejahteraan rakyat.... Pokoke josss....😂"",in,[],[],[],0,0,0,[],[],https://twitter.com/antonhardcore3/status/1439451166593544204,False,https://twitter.com/soeyoto1/status/1438727160450088965,0,,,,,,,,[],,,,";
"1439447411814846465,1439442778971246592,2021-09-19 11:33:01 SE Asia Standard Time,2021-09-19,11:33:01,700,1420930801420496901,rachman59387925,Rachman,,@republikaonline PDIP tolak Jokowi 3periode.. maunya 4 periode yah..tobat..tobat...,in,[],[],[],0,0,0,[],[],https://twitter.com/Rachman59387925/status/1439447411814846465,False,,0,,,,,,,,""[{'screen_name': 'republikaonline', 'name': 'Republika.co.id', 'id': '22126902'}]"",,,,";
1439430348257984517,1439430348257984512,2021-09-19 10:25:13 SE Asia Standard Time,2021-09-19,10:25:13,700,1314092306,koalisinetizen,Koalisi Netizen,,Presiden Jokowi enggan 3Periode  https://t.co/CHDC9314eZ,in,[],[],['https://pbs.twimg.com/media/E_niRNdUYAMWhNl.jpg'],0,3,2,[],[],https://twitter.com/KoalisiNetizen/status/1439430348257984517,False,,1,https://pbs.twimg.com/media/E_niRNdUYAMWhNl.jpg,,,,,,,[],,,,;
"1439410995328212994,1439410995328212992,2021-09-19 09:08:18 SE Asia Standard Time,2021-09-19,09:08:18,700,1250595192,dahlanmahmud,#DM#,,""Penolakan PDIP menghindari polemik dipublik, biarlah waktu yg akan memproses, istilah """"buah belum matang, tapi disodok2 terus akhirnya jadi busuk"""" begitu juga jika dipolitisasi terus masalah 3periode, maka energi bangsa ini terkuras, sedangkan pilpres masih jauh, realistis saja."",in,[],[],[],0,0,0,[],[],https://twitter.com/DahlanMahmud/status/1439410995328212994,False,https://twitter.com/PutraWadapi/status/1439391529559224322,0,,,,,,,,[],,,,";
"1439260946250174467,1439180526112296960,2021-09-18 23:12:04 SE Asia Standard Time,2021-09-18,23:12:04,700,1355436575304396800,cappucinondeso,🅰️HLI 🅿️IKIR🇮🇩,,@ChusnulCh__ @Ronggolawe02 mereka sdh yakin rakyat menolak Presiden 3Periode.tapi mereka jg ketakutan bahkan akan turun kejalan kalau Presiden 3Periode.nah....yg milih presiden kan Rakyat/masyarakat bukan KADER2 demokrat. sdh yakini saja kalau Rakyat menolak 3periode yaaa,in,[],[],[],0,0,0,[],[],https://twitter.com/CappucinoNdeso/status/1439260946250174467,False,,0,,,,,,,,""[{'screen_name': 'ChusnulCh__', 'name': 'IG chchotimah 🇮🇩', 'id': '2928583759'}, {'screen_name': 'Ronggolawe02', 'name': '𝓡𝓸𝓷𝓰𝓰𝓸𝓵𝓪𝔀𝓮', 'id': '1210412187988029440'}]"",,,,";
"1439228299406766080,1439180526112296960,2021-09-18 21:02:20 SE Asia Standard Time,2021-09-18,21:02:20,700,1264865648686936066,sarpan2000,donny IRAWAN,,""@ChusnulCh__ Mereka bikin isu 3periode sendiri, di up sendiri, kemudian disumpahin sendiri. Untung nggak masuk RS jiwa 😁😁😁"",in,[],[],[],0,0,1,[],[],https://twitter.com/sarpan2000/status/1439228299406766080,False,,0,,,,,,,,""[{'screen_name': 'ChusnulCh__', 'name': 'Chusnul ch💕timah', 'id': '2928583759'}]"",,,,";
"1439204308273156096,1439076190262738944,2021-09-18 19:27:00 SE Asia Standard Time,2021-09-18,19:27:00,700,2948119393,4byunus,A. B. Yunus,,@panca66 @ronavioleta Kalo saya percaya...........dia mau 3periode😃😄😀😀,in,[],[],[],0,0,0,[],[],https://twitter.com/4byunus/status/1439204308273156096,False,,0,,,,,,,,""[{'screen_name': 'panca66', 'name': '#RepublikDagelan', 'id': '82042655'}, {'screen_name': 'ronavioleta', 'name': 'Nana', 'id': '485385284'}]"",,,,";
"1439197506420674566,1439160907544727552,2021-09-18 18:59:59 SE Asia Standard Time,2021-09-18,18:59:59,700,851639719121231872,noormuzani,muzani noor,,""@budiwidagdo2 @merdekadotcom Mungkin karena tahu warna duit, keluar pernyataan belio presiden 3periode td bertentangandng fikih"",in,[],[],[],0,0,0,[],[],https://twitter.com/NoorMuzani/status/1439197506420674566,False,,0,,,,,,,,""[{'screen_name': 'budiwidagdo2', 'name': '#berusaha jujur dan lurus', 'id': '971046093331943424'}, {'screen_name': 'merdekadotcom', 'name': 'Merdeka.com', 'id': '456426648'}]"",,,,";
"1439184779711111169,1439100706888159232,2021-09-18 18:09:24 SE Asia Standard Time,2021-09-18,18:09:24,700,99226297,affandi13,🇮🇩®️Z1️⃣3️⃣🇮🇩,,@RamliRizal @msaid_didu @PDI_Perjuangan Biarpun Nggk 3Periode ..org nggk akan pilih anda @RamliRizal ... 😁😁,in,""[{'screen_name': 'ramlirizal', 'name': 'dr. rizal ramli', 'id': '452992293'}]"",[],[],0,0,1,[],[],https://twitter.com/Affandi13/status/1439184779711111169,False,,0,,,,,,,,""[{'screen_name': 'RamliRizal', 'name': 'Dr. Rizal Ramli', 'id': '452992293'}, {'screen_name': 'msaid_didu', 'name': 'Muhammad Said Didu', 'id': '1117990249806721024'}, {'screen_name': 'PDI_Perjuangan', 'name': 'PDI Perjuangan', 'id': '153407983'}]"",,,,";
"1439177571216683010,1439175551093141504,2021-09-18 17:40:46 SE Asia Standard Time,2021-09-18,17:40:46,700,1002886614190657537,anugrahbudi4,ANUGRAH,,""@_RestyCayah Yg penting 3periode kandas dulu jang,,,,,anak emak tinggal potong bebek angsa"",in,[],[],[],0,0,1,[],[],https://twitter.com/AnugrahBudi4/status/1439177571216683010,False,,0,,,,,,,,""[{'screen_name': '_RestyCayah', 'name': 'Negri Seterah', 'id': '1423276591761661957'}]"",,,,";
"1439154649898971137,1439154649898971136,2021-09-18 16:09:41 SE Asia Standard Time,2021-09-18,16:09:41,700,1417472445250822144,dhufathink,Dhufa Think,,""menunggu dapat  tawaran jabatan apa gitu,gaung kan terus president 3periode eleeeh,kok media masih beri panggung  ,bingung gue,jelas ide itu melanggar konstitusi,....."",in,[],[],[],0,0,0,[],[],https://twitter.com/DhufaThink/status/1439154649898971137,False,https://twitter.com/anggasasongko/status/1438867475706249217,0,,,,,,,,[],,,,";
"1439117055454629889,1439071720585920512,2021-09-18 13:40:18 SE Asia Standard Time,2021-09-18,13:40:18,700,1256245396805951489,revolusimentel,~404:notfound~,,@tempodotco Loh loh loh kok gitu!! Apa pak jokowi fix menolak 3periode? maka kalian ikut nolak juga?? Terus buat pernyataan begitu biar rakyat simpatik??? Atau gimana sih!!! Waduh bingung saya 🤣,in,[],[],[],2,0,1,[],[],https://twitter.com/revolusimentel/status/1439117055454629889,False,,0,,,,,,,,""[{'screen_name': 'tempodotco', 'name': 'TEMPO.CO', 'id': '18129942'}]"",,,,";
"1439080039102902275,1438653933556219904,2021-09-18 11:13:12 SE Asia Standard Time,2021-09-18,11:13:12,700,1386061135783239681,himuramister,Mister.himura,,@__AnakKolong @PDemokrat faktanya skarang yg minta 3periode itu siapa? Yg kekuasaannya ingin diperpanjang siapa? Jd yg haus kekuasaan itu siapa? Napa lempar salah kesebelah.  #mikir,in,[],[],[],0,0,0,['mikir'],[],https://twitter.com/HimuraMister/status/1439080039102902275,False,,0,,,,,,,,""[{'screen_name': '__AnakKolong', 'name': 'A K ™ |', 'id': '1159689173340585984'}, {'screen_name': 'PDemokrat', 'name': 'Partai Demokrat', 'id': '248199104'}]"",,,,";
1439054167914471424,1439054167914471424,2021-09-18 09:30:24 SE Asia Standard Time,2021-09-18,09:30:24,700,957135454955909121,amitaanindira,Amita Anindira,,Presiden tolak tegas #3Periode  https://t.co/brcyOTe7x8,in,[],['https://www.instagram.com/p/CT8j7h7PORy/?utm_medium=twitter'],[],0,0,1,['3periode'],[],https://twitter.com/AmitaAnindira/status/1439054167914471424,False,,0,,,,,,,,[],,,,;
"1439052623525474304,1439052623525474304,2021-09-18 09:24:16 SE Asia Standard Time,2021-09-18,09:24:16,700,1314092306,koalisinetizen,Koalisi Netizen,,Presiden @jokowi tak minat #3Periode  https://t.co/f4nIMrfpn8,en,""[{'screen_name': 'jokowi', 'name': 'joko widodo', 'id': '366987179'}]"",[],['https://pbs.twimg.com/media/E_iKuv6VEAI--Sz.jpg'],0,1,1,['3periode'],[],https://twitter.com/KoalisiNetizen/status/1439052623525474304,False,,1,https://pbs.twimg.com/media/E_iKuv6VEAI--Sz.jpg,,,,,,,[],,,,";
"1439044722425679874,1438837006478372864,2021-09-18 08:52:52 SE Asia Standard Time,2021-09-18,08:52:52,700,784318280718659584,leonsys0305,Leon🐕🐶,,@Jayabay19479190 @jokowi @PDI_Perjuangan Dagelan monyet lg pd capeeerr menjijikkan !! Jelas2 presiden menolak 3periode,in,[],[],[],0,0,1,[],[],https://twitter.com/leonsys0305/status/1439044722425679874,False,,0,,,,,,,,""[{'screen_name': 'Jayabay19479190', 'name': 'Jayabaya', 'id': '794509735282102272'}, {'screen_name': 'jokowi', 'name': 'Joko Widodo', 'id': '366987179'}, {'screen_name': 'PDI_Perjuangan', 'name': 'PDI Perjuangan', 'id': '153407983'}]"",,,,";
"1439021435876372480,1438874737636044800,2021-09-18 07:20:20 SE Asia Standard Time,2021-09-18,07:20:20,700,595846027,duaneputra,Duane putra alFalimbani🇮🇩,,""@penghianatkm @jefsiboro @na_dirs kalau utk elektabilitas dan angka2 sy msh percaya Jokowi msh tertinggi..tp sy tdk mendukung 3periode dan  Jokowi sendiri tdk mau """"Titik"""""",in,[],[],[],0,0,0,[],[],https://twitter.com/DuanePutra/status/1439021435876372480,False,,0,,,,,,,,""[{'screen_name': 'penghianatkm', 'name': 'Identitas Luntur', 'id': '1231478692502736896'}, {'screen_name': 'jefsiboro', 'name': 'Jefri Siboro', 'id': '1241700628742549505'}, {'screen_name': 'na_dirs', 'name': 'Khazanah GNH', 'id': '3895489933'}]"",,,,";
"1438985254144921600,1438874737636044800,2021-09-18 04:56:34 SE Asia Standard Time,2021-09-18,04:56:34,700,1359084204378574853,barkalorka,Lorka Barka,,""@na_dirs sambil shopping calon boneka spt pa jo, oligarki memainkan isu 3periode lewat kodori"",in,[],[],[],0,0,0,[],[],https://twitter.com/BarkaLorka/status/1438985254144921600,False,,0,,,,,,,,""[{'screen_name': 'na_dirs', 'name': 'Khazanah GNH', 'id': '3895489933'}]"",,,,";
"1438889319020720134,1438881406826942464,2021-09-17 22:35:21 SE Asia Standard Time,2021-09-17,22:35:21,700,1403295804236832775,jeany_abigail,Abigail Jeany,,""@Candraasmara85 Cuman kadrun yang ga mengakui kinerja pak Jokowi. Maklumlah otak kadrun udah kecuci. Kita semua yang ❤Jokowi ga nyesel deh, kalo bisa biarlah 3periode u Jokowi. Karena Jokowi maka rakyat sehat makmur dan jaya. #jokowihebat #jokowikeren  #jokowigointernational #kamibersamajokowi"",in,[],[],[],2,1,6,""['jokowihebat', 'jokowikeren', 'jokowigointernational', 'kamibersamajokowi']"",[],https://twitter.com/jeany_abigail/status/1438889319020720134,False,,0,,,,,,,,""[{'screen_name': 'Candraasmara85', 'name': '🇮🇩 Candra Asmara 🇮🇩', 'id': '856022497031897088'}]"",,,,";
"1438874425722478597,1438874425722478592,2021-09-17 21:36:10 SE Asia Standard Time,2021-09-17,21:36:10,700,1395713255637585923,budionotaslim3,""terus semangat,semangat terus"",,""Brisik radikal radikul,semua agama sm dihadapan Tuhan,ditengah pandemi rakyat susah cr mkn tp OTT bajingan trs ada,KKB gak tkt trs berulah,rumor Presiden 3periode kegaduhan trs berhembus,akhirnya lupa TKA msk trs,Natuna direcokin,KKB trs menteror ayo..cpt sadar libas pengacau itu"",in,[],[],[],0,5,10,[],[],https://twitter.com/Budionotaslim3/status/1438874425722478597,False,,0,,,,,,,,[],,,,";
"1438847703933325312,1438847703933325312,2021-09-17 19:49:59 SE Asia Standard Time,2021-09-17,19:49:59,700,1314028991511060486,rezim_terbalix,EveRezmen,,Perasaan gak ada tuh yg maksa hrs berjilbab @_ekokuntadhi klw yg maksa 3periode kita semua juga pd tahu siapa orangnya🤭🙄😄,in,""[{'screen_name': '_ekokuntadhi', 'name': 'eko kuntadhi', 'id': '198412976'}]"",[],[],0,0,0,[],[],https://twitter.com/rezim_terbalix/status/1438847703933325312,False,https://twitter.com/democrazymedia/status/1438706778791976960,0,,,,,,,,[],,,,";
"1438812664864534529,1438640511175122944,2021-09-17 17:30:45 SE Asia Standard Time,2021-09-17,17:30:45,700,820916849650995200,bayouiraone1,sales panci,,@inisifanii Apa jadinya klo mpe 3periode....,in,[],[],[],0,0,0,[],[],https://twitter.com/Bayouiraone1/status/1438812664864534529,False,,0,,,,,,,,""[{'screen_name': 'inisifanii', 'name': 'Perhatikan, Fani!', 'id': '1352115360762236929'}]"",,,,";
"1438790216450379781,1438476618855587840,2021-09-17 16:01:33 SE Asia Standard Time,2021-09-17,16:01:33,700,1396465091868913667,rohmat45793425,Rohmat,,@OlaSolahudin @detikcom Kl rakyat yg menghendaki bolehkan ? Kl dilanjutkan 3periode,in,[],[],[],1,0,0,[],[],https://twitter.com/Rohmat45793425/status/1438790216450379781,False,,0,,,,,,,,""[{'screen_name': 'OlaSolahudin', 'name': 'Ola Solahudin', 'id': '1363841082484662273'}, {'screen_name': 'detikcom', 'name': 'detikcom', 'id': '69183155'}]"",,,,";
"1438761668293521418,1438745725228118016,2021-09-17 14:08:07 SE Asia Standard Time,2021-09-17,14:08:07,700,931757910106845185,tanyaazka,Azka Akbar,,""@Boediantar4 Ya jelas pengalihan isu.. Isu besar nya kemungkinan amandemen UUD, utk 3periode.."",in,[],[],[],0,0,1,[],[],https://twitter.com/tanyaAzka/status/1438761668293521418,False,,0,,,,,,,,""[{'screen_name': 'Boediantar4', 'name': 'boediantara', 'id': '1383750727575605257'}]"",,,,";
"1438758947167502338,1438446350199365632,2021-09-17 13:57:18 SE Asia Standard Time,2021-09-17,13:57:18,700,3324957030,sigit0954,@sigit,,@textdariJKT @Fahrizaal_ @detikcom Isinya gda tulisan beliau gamau...dia cuma bilang ga mikir bkn brti ga mau bro..klo yg skrg maju 3periode beliau jelas nolak..ok,in,[],[],[],1,0,0,[],[],https://twitter.com/sigit0954/status/1438758947167502338,False,,0,,,,,,,,""[{'screen_name': 'textdariJKT', 'name': 'textdariJKT', 'id': '1064366120885411841'}, {'screen_name': 'Fahrizaal_', 'name': """"L'Arc-en-Ciel XXX"""", 'id': '434761273'}, {'screen_name': 'detikcom', 'name': 'detikcom', 'id': '69183155'}]"",,,,";
"1438719275666075648,1438654514140041216,2021-09-17 11:19:40 SE Asia Standard Time,2021-09-17,11:19:40,700,1104577419711672320,m6rizal,Buaya Angkatan Darat🏅,,""@Encexferry1 @Apudz2 Pada takut dgn sosok novel. Tp malah mengagungkan perrrsiden yg gajelas visi misi nya. Wkwkwk Yg dungu di piara, yg berfikir diberantas.  *awas minta 3periode. Hahahah"",in,[],[],[],1,0,2,[],[],https://twitter.com/M6Rizal/status/1438719275666075648,False,,0,,,,,,,,""[{'screen_name': 'Encexferry1', 'name': 'Encexferry', 'id': '934241187912851457'}, {'screen_name': 'Apudz2', 'name': 'fuadridwan', 'id': '878280881743343616'}]"",,,,";
"1438655833785528321,1438655833785528320,2021-09-17 07:07:34 SE Asia Standard Time,2021-09-17,07:07:34,700,1117524952092033024,baggiosastro,ꜱᴍɪʟᴇ ɢᴇɴᴇʀᴀʟ 🇲🇨,,""Masyarakat bukanya disejahterakan,tapi malah tiap hari cm suru liat pemimpin nya yg seolah gk bisa kerja, Hal sepele yg mnjadi prestasi selama menjabat, Gilanya lagi model kekgtu masih ada yg dukung 3periode.. Apes betul kalian."",in,[],[],[],0,0,3,[],[],https://twitter.com/BaGGioSastro/status/1438655833785528321,False,https://twitter.com/PutraWadapi/status/1438620112198635556,0,,,,,,,,[],,,,";
1438622436862267398,1438622436862267392,2021-09-17 04:54:51 SE Asia Standard Time,2021-09-17,04:54:51,700,110357482,rakeyandetya,🍜 Supermie,,Sm bangt kaya 3periode nih.. Nanti jawabannya salahin mpr lah kan mereka yg amandemen saya hanya melaksanakan konstitusi,in,[],[],[],0,0,0,[],[],https://twitter.com/rakeyandetya/status/1438622436862267398,False,https://twitter.com/PutraWadapi/status/1438620112198635556,0,,,,,,,,[],,,,;
"1438545500194566144,1438538524425220096,2021-09-16 23:49:08 SE Asia Standard Time,2021-09-16,23:49:08,700,197656838,iteungik,Josie Wirakusumah,,""@yunusboyq @CNNIndonesia mau berkuasa lagi, emang bisa 3Periode ea? 😇😇😇😇😇"",in,[],[],[],1,0,1,[],[],https://twitter.com/Iteungik/status/1438545500194566144,False,,0,,,,,,,,""[{'screen_name': 'yunusboyq', 'name': 'mr yoenoes', 'id': '820847680297443328'}, {'screen_name': 'CNNIndonesia', 'name': 'CNN Indonesia', 'id': '17128975'}]"",,,,";
"1438532157610205186,1391883857222197248,2021-09-16 22:56:07 SE Asia Standard Time,2021-09-16,22:56:07,700,1277353000630009856,hasnaberkah,hasnaBERKAH,,""@RE666EL @BossTemlen Kadrun ra cetho... Isunya itu, presiden 3periode, meroketnya kekayaan pres, men,... Melemahnya KPK, tentara china jebol pagere NKRI, papua berdarah oleh OPM.... Bahas Ahok itu maksudmu....."",in,[],[],[],0,0,7,[],[],https://twitter.com/HasnaBerkah/status/1438532157610205186,False,,0,,,,,,,,""[{'screen_name': 'RE666EL', 'name': '⛧', 'id': '1246804937406734337'}, {'screen_name': 'BossTemlen', 'name': 'Boss', 'id': '1239754822707904513'}]"",,,,";
"1438481037420490760,1438423953010159616,2021-09-16 19:32:59 SE Asia Standard Time,2021-09-16,19:32:59,700,1399290283309735938,takon_wong,Wong Takon,,@Dennysiregar7 @jokowi 3periode den baru kelar 🤣,in,[],[],[],0,0,0,[],[],https://twitter.com/takon_wong/status/1438481037420490760,False,,0,,,,,,,,""[{'screen_name': 'Dennysiregar7', 'name': 'Denny siregar', 'id': '4780649298'}, {'screen_name': 'jokowi', 'name': 'Joko Widodo', 'id': '366987179'}]"",,,,";
"1438381705597911041,1438110984619528192,2021-09-16 12:58:17 SE Asia Standard Time,2021-09-16,12:58:17,700,1299399651817218048,azzuraroza,Azzura Roza,,@ZKifli1981 @republikaonline Presiden nya kan 3periode pak,in,[],[],[],1,0,0,[],[],https://twitter.com/AzzuraRoza/status/1438381705597911041,False,,0,,,,,,,,""[{'screen_name': 'ZKifli1981', 'name': 'Zul kifli1981', 'id': '1336359707921936385'}, {'screen_name': 'republikaonline', 'name': 'Republika.co.id', 'id': '22126902'}]"",,,,";
"1438352219280076801,1438161301063155712,2021-09-16 11:01:07 SE Asia Standard Time,2021-09-16,11:01:07,700,1277353000630009856,hasnaberkah,hasnaBERKAH,,""@OposisiCerdas Kenapa harus bersumpah, kalo aturan/UUD gak dirubah otomatis.gak bisa 3 periode..... Kalo toh mau 3periode dapapa sekalian hancurlah Indonesia, dan akan segera diganti oleh Alloh orang2 yang baik/sholeh terpercaya."",in,[],[],[],0,0,0,[],[],https://twitter.com/HasnaBerkah/status/1438352219280076801,False,,0,,,,,,,,""[{'screen_name': 'OposisiCerdas', 'name': 'OposisiCerdas.com', 'id': '887743587579944960'}]"",,,,";
"1438321213273640962,1438117140695973888,2021-09-16 08:57:54 SE Asia Standard Time,2021-09-16,08:57:54,700,1340579373364117504,khdafikh,Damfi,,@Rewanston #3Periode,und,[],[],[],1,0,0,['3periode'],[],https://twitter.com/khdafikh/status/1438321213273640962,False,,0,,,,,,,,""[{'screen_name': 'Rewanston', 'name': 'MudzaRewanston', 'id': '1309309301933178880'}]"",,,,";
"1438249455346601985,1438247700680433664,2021-09-16 04:12:46 SE Asia Standard Time,2021-09-16,04:12:46,700,161502844,kotaksegiempat,akun kotak □,,""gw pribadi, target tahun ini scudetto.  eropa? Lihat performa grup B, masuk liga malam jumat, capai 4 besar itu udah bagus.   Tapi, ya tentu saja bisa lolos ke fase knock out ucl adalah anugerah terbaik bagi milan musim ini, makanya lanjut #3periode dong"",in,[],[],[],0,0,0,['3periode'],[],https://twitter.com/kotaksegiempat/status/1438249455346601985,False,,0,,,,,,,,[],,,,";
"1438248931821907968,1438247700680433664,2021-09-16 04:10:41 SE Asia Standard Time,2021-09-16,04:10:41,700,161502844,kotaksegiempat,akun kotak □,,""Tim ini masih muda, masih terus berkembang. Asalkan PM3 dan tim bisa mengamankan jasa pemain (ga kayak kasus dona dan sengkarut kessie), gw rasa #3periode milan kedepan bakalan jauh lebih kuat dari skrg."",in,[],[],[],1,0,1,['3periode'],[],https://twitter.com/kotaksegiempat/status/1438248931821907968,False,,0,,,,,,,,[],,,,";
"1438247700680433667,1438247700680433664,2021-09-16 04:05:47 SE Asia Standard Time,2021-09-16,04:05:47,700,161502844,kotaksegiempat,akun kotak □,,""banyak yg kecewa milan kalah.   7 tahun jadi tim lawak, baru balik ke ucl minta langsung tokcer.  Kasihlah milan kesempatan #3periode, pasti joss"",in,[],[],[],5,0,4,['3periode'],[],https://twitter.com/kotaksegiempat/status/1438247700680433667,False,,0,,,,,,,,[],,,,";
"1438164035006918656,1438126634406612992,2021-09-15 22:33:20 SE Asia Standard Time,2021-09-15,22:33:20,700,174603612,ariyantosetyaji,BrayIsMe,,@PutraWadapi Punya presiden kagetan.. nanti kaget juga klo 3Periode dimulusin...,in,[],[],[],0,0,0,[],[],https://twitter.com/ariyantosetyaji/status/1438164035006918656,False,,0,,,,,,,,""[{'screen_name': 'PutraWadapi', 'name': 'Christ Wamea', 'id': '1335782127791554563'}]"",,,,";
"1438153691131875332,1438153691131875328,2021-09-15 21:52:14 SE Asia Standard Time,2021-09-15,21:52:14,700,1412413947727257600,mbahpadang,MbahPadang,,""Sikap @jokowi soal isu Jabatan Presiden 3Periode : Saya Menolak.  Mbah Padang : anda Ngibul saja, kami PERCAYA  https://t.co/vgdMHTRASM"",in,""[{'screen_name': 'jokowi', 'name': 'joko widodo', 'id': '366987179'}]"",[],[],0,0,0,[],[],https://twitter.com/MbahPadang/status/1438153691131875332,False,https://twitter.com/Bisniscom/status/1438151147282309125,1,https://pbs.twimg.com/ext_tw_video_thumb/1438153522801876994/pu/img/paXZygh1XPjZMqpo.jpg,,,,,,,[],,,,";
"1438005290281013255,1438005290281013248,2021-09-15 12:02:32 SE Asia Standard Time,2021-09-15,12:02:32,700,1385396561253867523,bambang83592054,BambangS,,Jokowi tegas menolak 3 periode! #MembangunIndonesia #Jokowi #3periode  https://t.co/XMS7NesSK1,in,[],[],['https://pbs.twimg.com/media/E_TSL1hVEAU2048.jpg'],0,0,0,""['membangunindonesia', 'jokowi', '3periode']"",[],https://twitter.com/Bambang83592054/status/1438005290281013255,False,,1,https://pbs.twimg.com/media/E_TSL1hVEAU2048.jpg,,,,,,,[],,,,";
1437998380727382017,1437998380727382016,2021-09-15 11:35:05 SE Asia Standard Time,2021-09-15,11:35:05,700,957135454955909121,amitaanindira,Amita Anindira,,Presiden Jokowi tegas tolak #3Periode  https://t.co/PEUzFOsvvi,in,[],['https://www.instagram.com/p/CT1D0Hev34h/?utm_medium=twitter'],[],0,0,1,['3periode'],[],https://twitter.com/AmitaAnindira/status/1437998380727382017,False,,0,,,,,,,,[],,,,;
"1437997314602258436,1437997314602258432,2021-09-15 11:30:51 SE Asia Standard Time,2021-09-15,11:30:51,700,1314092306,koalisinetizen,Koalisi Netizen,,Presiden #Jokowi tolak masa jabatan #3Periode  https://t.co/XLu1NDEz5T,in,[],[],['https://pbs.twimg.com/media/E_TK7k-VcAMX0uo.jpg'],0,2,1,""['jokowi', '3periode']"",[],https://twitter.com/KoalisiNetizen/status/1437997314602258436,False,,1,https://pbs.twimg.com/media/E_TK7k-VcAMX0uo.jpg,,,,,,,[],,,,";
"1437995441979674627,1437995441979674624,2021-09-15 11:23:24 SE Asia Standard Time,2021-09-15,11:23:24,700,1340273588633419777,bonicekrik,BoniCekrik,,""Kita protes klw amandemen di laksanakan, bagaimanapun presiden Jokowi tdk akan 3periode  Paham kan orang2 yg haus kekuasaan!!!!!   https://t.co/o4VgfK2sxR  Jika Presiden Jokowi sudah bersikap, lantas siapa di balik wacana amandemen ini?"",in,[],['https://news.detik.com/kolom/d-5724502/waspada-amandemen-uud-1945'],[],0,0,0,[],[],https://twitter.com/BoniCekrik/status/1437995441979674627,False,,0,,,,,,,,[],,,,";
"1437836193752776705,1437836193752776704,2021-09-15 00:50:36 SE Asia Standard Time,2021-09-15,00:50:36,700,1399261431623602177,bukanoposisi11,BukanOposisi🇮🇩🇮🇩,,""Sejak awal dilantik Presiden Jokowi terus berkomitmen untuk menjadikan indonesia sentris yang artinya Pembangunan indonesia dari desa hingga kota merata namun tidak menjadi ambisi Presiden @jokowi  menjabat 3Periode, Presiden tegas menolak jabatan 3Periode Vaksin Tangkal Pandemi  https://t.co/NIrlMNh6UP"",in,""[{'screen_name': 'jokowi', 'name': 'joko widodo', 'id': '366987179'}]"",[],['https://pbs.twimg.com/media/E_Q4ZSEUcAEd8KX.jpg'],1,0,0,[],[],https://twitter.com/bukanoposisi11/status/1437836193752776705,False,,1,https://pbs.twimg.com/media/E_Q4ZSEUcAEd8KX.jpg,,,,,,,[],,,,";
"1437710628517388288,1406023547911163904,2021-09-14 16:31:39 SE Asia Standard Time,2021-09-14,16:31:39,700,1119398850286895104,sufian_hidayat,Sufian Hidayat,,""@AiraAfniAmalia @rmol_id Si Pinokio urat malunya sdh putus, makanya minta 3periode"",in,[],[],[],0,0,1,[],[],https://twitter.com/sufian_hidayat/status/1437710628517388288,False,,0,,,,,,,,""[{'screen_name': 'AiraAfniAmalia', 'name': '♀️ₐᵢᵣₐ ₐfₙᵢ ₐₘₐₗᵢₐ 🇲🇨🇵🇸', 'id': '1109669267639697408'}, {'screen_name': 'rmol_id', 'name': 'REPUBLIK MERDEKA | RMOL.ID', 'id': '990237626'}]"",,,,";
"1437681487004856322,1437438251829243904,2021-09-14 14:35:51 SE Asia Standard Time,2021-09-14,14:35:51,700,390065825,runtukannastar,RuntukanNastar,,@Guy4skFew @jayapuraupdate @MartoArt @abdelachrian mungkin yang nerima jaket bisa di ondang ke hoho hihi cing #3periode,in,[],[],[],0,0,0,['3periode'],[],https://twitter.com/RuntukanNastar/status/1437681487004856322,False,,0,,,,,,,,""[{'screen_name': 'Guy4skFew', 'name': 'Guy Ask Few', 'id': '826988274933653504'}, {'screen_name': 'jayapuraupdate', 'name': 'Timur Matahari', 'id': '771460293566140416'}, {'screen_name': 'MartoArt', 'name': 'MartoⒶrt', 'id': '504728525'}]"",,,,";
"1437667865700683777,1437647700632035328,2021-09-14 13:41:44 SE Asia Standard Time,2021-09-14,13:41:44,700,1224830138,d2balitour,MANCHESTER is RED,,""@PartaiSocmed Coba besok2 bawa poster berisi tulisan  “TERIMA KASIH PAK JOKOWI, KARENA BAPAKLAH NEGRI INI MAKIN MAJU. Kami INGIN 3PERIODE”  Jika msh ditangkap brrti membawa poster memang dilarang"",in,[],[],[],0,0,0,[],[],https://twitter.com/d2balitour/status/1437667865700683777,False,,0,,,,,,,,""[{'screen_name': 'PartaiSocmed', 'name': '#99', 'id': '869327120'}]"",,,,";
"1437651421843714051,1437591974945558528,2021-09-14 12:36:23 SE Asia Standard Time,2021-09-14,12:36:23,700,416738512,agussuhada14,Agussuhada14_,,""@tempodotco Presiden emang nolak 3periode...soalnya anaknya bakalan maju gantiin bapaknya... regenerasi, dinasti wadimor...."",in,[],[],[],0,0,1,[],[],https://twitter.com/agussuhada14/status/1437651421843714051,False,,0,,,,,,,,""[{'screen_name': 'tempodotco', 'name': 'TEMPO.CO', 'id': '18129942'}]"",,,,";
"1437648709961932806,1437647700632035328,2021-09-14 12:25:37 SE Asia Standard Time,2021-09-14,12:25:37,700,1165286848324763649,adaduaadu,Adu,,""@PartaiSocmed coba tulisan posternya """" 3Periode Yess! """" klo ditangkap juga brati emng itu protokol pengamaanan tapi klo engga ditangkap bisa disimpulkan sendiri :)"",in,[],[],[],0,0,0,[],[],https://twitter.com/adaduaadu/status/1437648709961932806,False,,0,,,,,,,,""[{'screen_name': 'PartaiSocmed', 'name': '#99', 'id': '869327120'}]"",,,,";
"1437607785835810823,1437607785835810816,2021-09-14 09:43:00 SE Asia Standard Time,2021-09-14,09:43:00,700,1487457115,rizal_pauzi17,Rizal Pauzi,,""Kok negara ini semakin anti kritik, mungkinkan tanda #3periode"",in,[],[],[],0,0,0,['3periode'],[],https://twitter.com/rizal_pauzi17/status/1437607785835810823,False,https://twitter.com/AzzamIzzulhaq/status/1437332573307293704,0,,,,,,,,[],,,,";
"1437495622232203264,1437495622232203264,2021-09-14 02:17:18 SE Asia Standard Time,2021-09-14,02:17:18,700,1343849124177702912,nurdiyantikania,Kania Nurdiyanti,,""@detikcom Pantesss bpakNya pngen 3Periode, ternyata eh ternyata Anknya mau nyalon gubernur ibukota"",in,[],[],[],0,0,0,[],[],https://twitter.com/NurdiyantiKania/status/1437495622232203264,False,,0,,,,,,,,[],,,,";
"1437444136454352899,1437423873876799488,2021-09-13 22:52:43 SE Asia Standard Time,2021-09-13,22:52:43,700,829685659199631362,cikenkrispii,ini aku,,""@detikcom Gas,terus jd presiden 3periode"",in,[],[],[],0,0,0,[],[],https://twitter.com/cikenkrispii/status/1437444136454352899,False,,0,,,,,,,,""[{'screen_name': 'detikcom', 'name': 'detikcom', 'id': '69183155'}]"",,,,";
"1437436586803666948,1437351612855500800,2021-09-13 22:22:43 SE Asia Standard Time,2021-09-13,22:22:43,700,1100771982,hikamputra17,ngene-ngene ae,,@Bayu_ngor @VICE_ID @jokowi #3periode,und,[],[],[],1,0,0,['3periode'],[],https://twitter.com/hikamputra17/status/1437436586803666948,False,,0,,,,,,,,""[{'screen_name': 'Bayu_ngor', 'name': 'john doe', 'id': '712199137'}, {'screen_name': 'VICE_ID', 'name': 'VICE Indonesia', 'id': '765149955396734976'}, {'screen_name': 'jokowi', 'name': 'Joko Widodo', 'id': '366987179'}]"",,,,";
"1437424882208239630,1437423873876799488,2021-09-13 21:36:12 SE Asia Standard Time,2021-09-13,21:36:12,700,1363097451213676546,riezall82373843,Riezall,,""@detikcom Pantesss bpakNya pngen 3Periode,ternyata eh ternyata Anknya mau nyalon gubernur ibukota🤮🤮🤮🤮🤮🤮🤮🤮🤮🤮🤮🤮🤮"",in,[],[],[],0,0,0,[],[],https://twitter.com/Riezall82373843/status/1437424882208239630,False,,0,,,,,,,,""[{'screen_name': 'detikcom', 'name': 'detikcom', 'id': '69183155'}]"",,,,";
"1437402353162801152,1437402353162801152,2021-09-13 20:06:41 SE Asia Standard Time,2021-09-13,20:06:41,700,1292818406933053441,_infoindonesia,Info Indonesia,,""HNW Ungkap Banyak Manuver Politik Terkait Masa Jabatan Presiden  Wakil Ketua MPR RI, Hidayat Nur Wahid menyampaikan bahwa banyak manuver politik  Baca selengkapnya di Website INFO INDONESIA  https://t.co/R4aUfdbGqn  #3periode #UUD1945 #infoindonesia"",in,[],['https://www.infoindonesia.id/read/2021/09/13/7190/hnw-ungkap-banyak-manuver-politik-terkait-masa-jabatan-presiden'],[],0,0,0,""['3periode', 'uud1945', 'infoindonesia']"",[],https://twitter.com/_infoindonesia/status/1437402353162801152,False,,0,,,,,,,,[],,,,";
"1437386044224114692,1437330974912638976,2021-09-13 19:01:52 SE Asia Standard Time,2021-09-13,19:01:52,700,1414322445192888320,kabento7,Kabento-77🇮🇩,,@CNNIndonesia Takut sama poster ya pak @jokowi  Tapi klo poster nya lanjutken 3periode pasti diberi hadiah kayane ora ditangkep...😂😂😂,in,""[{'screen_name': 'jokowi', 'name': 'joko widodo', 'id': '366987179'}]"",[],[],0,0,0,[],[],https://twitter.com/Kabento7/status/1437386044224114692,False,,0,,,,,,,,""[{'screen_name': 'CNNIndonesia', 'name': 'CNN Indonesia', 'id': '17128975'}]"",,,,";
"1437327382201843713,1437251478561849344,2021-09-13 15:08:46 SE Asia Standard Time,2021-09-13,15:08:46,700,556888129,_thinkplus,Pertiwi kolapsᅠᅠᅠᅠᅠᅠᅠᅠᅠᅠᅠᅠᅠᅠᅠᅠᅠᅠᅠᅠᅠᅠᅠᅠᅠᅠᅠᅠᅠᅠᅠᅠ,,@DJ__007__ Lagi ramai wacana beliau menolak 3 periode. Seolah olah rakyat pengen ajuin dia  utk 3 periode.. Hallooo.... Atau emang sengaja diblow up biar para cebongzeRp merespon mendukung beliau 3periode. King maker di blkang rezim ini memang licik. Maju kena mundur jg kena😂,in,[],[],[],0,0,0,[],[],https://twitter.com/_thinkplus/status/1437327382201843713,False,,0,,,,,,,,""[{'screen_name': 'DJ__007__', 'name': 'Channel Aiek', 'id': '1333786893469634562'}]"",,,,";
"1437324264089145346,1437228576068096000,2021-09-13 14:56:23 SE Asia Standard Time,2021-09-13,14:56:23,700,1338759001773801473,pangek_padeh,Rayyan alfahri,,""@malakmalakmal Ya begitu lah rata"""" bagai mana tidak mau sangat 3periode"",in,[],[],[],0,0,0,[],[],https://twitter.com/pangek_padeh/status/1437324264089145346,False,,0,,,,,,,,""[{'screen_name': 'malakmalakmal', 'name': 'Akmal Sjafril', 'id': '76241729'}]"",,,,";
"1437216327597391875,1437025797664018432,2021-09-13 07:47:29 SE Asia Standard Time,2021-09-13,07:47:29,700,1229522775175335936,72gar7,StayStrongPalestine 🇵🇸🇵🇸🇵🇸,,""@hasmibakhtiar Dan klo rakyatnya cuma bs maki2 oposisi tp jg seneng makan duren ama keluarga lurah, bisa jd bkn cuma 3periode atau seumur hidup. Tp bs 7turunan."",in,[],[],[],0,0,1,[],[],https://twitter.com/72Gar7/status/1437216327597391875,False,,0,,,,,,,,""[{'screen_name': 'hasmibakhtiar', 'name': 'Hasmi Bakhtiar', 'id': '230313497'}]"",,,,";
"1437065216395669508,1437065216395669504,2021-09-12 21:47:01 SE Asia Standard Time,2021-09-12,21:47:01,700,1092011237821435904,kaumradikal1,kaum Abangan,,""Jaringannya dibobol! Media nya di """"coki"""" in Duitnya digarong rame2! Suara oposisi dibungkam! Muralnya dihapus! Yang demo, tangkep! Nulis dikit tersinggung kena UU ITE! disomasi!  Tukang bubur dipajak!  Ah mening jadi buzzer aja gitu biar aman n dapet gaji gede? #3periode"",in,[],[],[],0,0,0,['3periode'],[],https://twitter.com/kaumradikal1/status/1437065216395669508,False,,0,,,,,,,,[],,,,";
"1437045563690684418,1435398527140593664,2021-09-12 20:28:56 SE Asia Standard Time,2021-09-12,20:28:56,700,1163373458111119360,bayuasri4,Bayuasri,,@setyoNurma Apa yg ditakutkn sangat dg 3periode?aneh aja.kl gak jadi sekalipun mau kompetisi pilpres jg blm tentu jagonya menang kecuali makai kerusuhan kayak kemaren tp jg gak menang jg dg hitungan. Kenapa gak nyantai aja nyikapi politik.bkn kh ahli politik sdh mewakili,in,[],[],[],0,0,1,[],[],https://twitter.com/Bayuasri4/status/1437045563690684418,False,,0,,,,,,,,""[{'screen_name': 'setyoNurma', 'name': '💞 noerma🌹', 'id': '1074322491349262336'}]"",,,,";
"1436989021826150402,1436988585429778432,2021-09-12 16:44:15 SE Asia Standard Time,2021-09-12,16:44:15,700,858461744,sang_penipuloh,Wi Lengsero Wi,,""@pakarkampanye Teori berbalik, biasanya dipake Jokowi, jika Jokowi bilang A harus diartikan  Z. Kalau Jokowi Menolak 3 Periode artinya berharap 3 periode.   Lewat cencunguknya sudah Siap in 3periode  https://t.co/mku5kaU66I"",in,[],[],['https://pbs.twimg.com/media/E_Eq0Z6UcAItUoQ.jpg'],0,0,5,[],[],https://twitter.com/Sang_Penipuloh/status/1436989021826150402,False,,1,https://pbs.twimg.com/media/E_Eq0Z6UcAItUoQ.jpg,,,,,,,""[{'screen_name': 'pakarkampanye', 'name': 'Musa @PakarKampanye @PakarMedsos', 'id': '748157840477433856'}]"",,,,";
"1436983146679980034,1436981044352196608,2021-09-12 16:20:54 SE Asia Standard Time,2021-09-12,16:20:54,700,2890698888,ekstrem09,Singo Dimejo,,@OposisiCerdas Kasih 3periode 😁😁,in,[],[],[],0,0,0,[],[],https://twitter.com/Ekstrem09/status/1436983146679980034,False,,0,,,,,,,,""[{'screen_name': 'OposisiCerdas', 'name': 'OposisiCerdas.com', 'id': '887743587579944960'}]"",,,,";
"1436976839327584258,1436740911120019456,2021-09-12 15:55:50 SE Asia Standard Time,2021-09-12,15:55:50,700,858461744,sang_penipuloh,Wi Lengsero Wi,,""@OposisiCerdas Teori berbalik, biasanya dipake Jokowi, jika Jokowi bilang A harus diartikan  Z. Kalau Jokowi Menolak 3 Periode artinya berharap 3 periode.   Lewat cencunguknya sudah Siap in 3periode  https://t.co/mku5kaU66I"",in,[],[],['https://pbs.twimg.com/media/E_Eq0Z6UcAItUoQ.jpg'],0,0,1,[],[],https://twitter.com/Sang_Penipuloh/status/1436976839327584258,False,,1,https://pbs.twimg.com/media/E_Eq0Z6UcAItUoQ.jpg,,,,,,,""[{'screen_name': 'OposisiCerdas', 'name': 'OposisiCerdas.com', 'id': '887743587579944960'}]"",,,,";
"1436970019498323970,1436679228464926720,2021-09-12 15:28:44 SE Asia Standard Time,2021-09-12,15:28:44,700,1411563725836808195,amin_syamsuri,Al Amin Syamsuri Hassan Al Bisri,,@PutraWadapi Kalau  memang minat 3periode  bermain dg jujur,in,[],[],[],0,0,0,[],[],https://twitter.com/amin_syamsuri/status/1436970019498323970,False,,0,,,,,,,,""[{'screen_name': 'PutraWadapi', 'name': 'Christ Wamea', 'id': '1335782127791554563'}]"",,,,";
"1436938565783482370,1436665645299486720,2021-09-12 13:23:45 SE Asia Standard Time,2021-09-12,13:23:45,700,513241572,di_ponegoro,#di_ponegoro,,@dr_koko28 damai saja.kuatin faskes. entar ada berapun variannya ya tetep jebol. #3periode,in,[],[],[],0,0,0,['3periode'],[],https://twitter.com/di_ponegoro/status/1436938565783482370,False,,0,,,,,,,,""[{'screen_name': 'dr_koko28', 'name': 'dr. Andi Khomeini Takdir', 'id': '1052703629528854530'}]"",,,,";
"1436930856522694661,1436700933484793856,2021-09-12 12:53:07 SE Asia Standard Time,2021-09-12,12:53:07,700,1161802113606750208,thoyib83928012,Thoyib,,""@msaid_didu Inilah sifat orang munafik... seperti hanya pura2 nggk mau 3periode, tp sebenarnya ingin seumur hidup,  Yg aneh nya begitu sangat di puja oleh pendukung nya... So.. ???"",in,[],[],[],0,0,0,[],[],https://twitter.com/Thoyib83928012/status/1436930856522694661,False,,0,,,,,,,,""[{'screen_name': 'msaid_didu', 'name': 'Muhammad Said Didu', 'id': '1117990249806721024'}]"",,,,";
"1436920833381834754,1436690286516719616,2021-09-12 12:13:18 SE Asia Standard Time,2021-09-12,12:13:18,700,1393560349882806274,hamdandany5,Hamdandany,,""@rockygerung_rg Bang @rockygerung_rg yg bilang 3periode itu siapa??? Yg gua inget ada kayaknya di UU """"dipilih kembali"""""",in,""[{'screen_name': 'rockygerung_rg', 'name': 'r gerung', 'id': '1058697273809326080'}]"",[],[],0,0,1,[],[],https://twitter.com/Hamdandany5/status/1436920833381834754,False,,0,,,,,,,,""[{'screen_name': 'rockygerung_rg', 'name': 'R Gerung', 'id': '1058697273809326080'}]"",,,,";
"1436910352206159879,1436829029038911488,2021-09-12 11:31:39 SE Asia Standard Time,2021-09-12,11:31:39,700,1335487303364407299,halomoan2t,Pemburu Kadrun Cadas🇮🇩,,@2five02 Sulit sekali menemukan titik kelemahan pak jokowi oleh mereka sepakat menaikan isu 3periode padahal mrk tahu sendiri mekanisme utk 3 periode ini hrs byk tahapan yg wajib di lalui padahal si bro ini pakar hukum tata negara kok segampang itu terpengaruh,in,[],[],[],1,0,1,[],[],https://twitter.com/Halomoan2T/status/1436910352206159879,False,,0,,,,,,,,""[{'screen_name': '2five02', 'name': 'namikaze', 'id': '1359727384929263618'}]"",,,,";
1436908263023398915,1436908263023398912,2021-09-12 11:23:21 SE Asia Standard Time,2021-09-12,11:23:21,700,1420918868399120385,nasir_sudrajat,Muhamad nasir sudrajat,,Goreng tempe hangat pake cabe rawit enak banget tapi goreng presiden 3periode di tolak presiden yg kepedesan!!! kita yg makan cabe politikus nyinyir yg kepedesan.,in,[],[],[],0,0,0,[],[],https://twitter.com/nasir_sudrajat/status/1436908263023398915,False,https://twitter.com/fadjroeL/status/1436689626840723465,0,,,,,,,,[],,,,;
"1436886764837171202,1436710004661182464,2021-09-12 09:57:55 SE Asia Standard Time,2021-09-12,09:57:55,700,63058485,ghaniymojo,Bang Ghaniy,,@Yosafatjewelry1 @tempodotco Kl ikut lagi pemilu 2024 bukanya jd 3periode yak? Kan scara aturan ud gk boleh ikut pemilu lg... ud gk bs di pilih lagi,in,[],[],[],3,0,3,[],[],https://twitter.com/ghaniymojo/status/1436886764837171202,False,,0,,,,,,,,""[{'screen_name': 'Yosafatjewelry1', 'name': 'BABE DIAZ', 'id': '754153016505217024'}, {'screen_name': 'tempodotco', 'name': 'TEMPO.CO', 'id': '18129942'}]"",,,,";
"1436840822477971459,1436700933484793856,2021-09-12 06:55:21 SE Asia Standard Time,2021-09-12,06:55:21,700,56632856,pedulisehat,/Peduli Sehat,,@msaid_didu Project 3periode 🤭,en,[],[],[],0,0,1,[],[],https://twitter.com/pedulisehat/status/1436840822477971459,False,,0,,,,,,,,""[{'screen_name': 'msaid_didu', 'name': 'Muhammad Said Didu', 'id': '1117990249806721024'}]"",,,,";
"1436823985602195458,1436823573038080000,2021-09-12 05:48:27 SE Asia Standard Time,2021-09-12,05:48:27,700,1111692379126300672,evradss,oiit,,@detikcom Blng aja 3periode,in,[],[],[],0,0,1,[],[],https://twitter.com/evradss/status/1436823985602195458,False,,0,,,,,,,,""[{'screen_name': 'detikcom', 'name': 'detikcom', 'id': '69183155'}]"",,,,";
"1436786271892893699,1436533089002397696,2021-09-12 03:18:36 SE Asia Standard Time,2021-09-12,03:18:36,700,1030473276227637248,aryakem47170934,@Arya_kemuning 🇲🇨🇵🇸,,""@panca66 Klo pemilu di tunda kemungkinan mbambang jadi RI1 jdi lambat bisa jadi gk ada kesempatan, jd klo mau jdi RI1 inilah momennya buat geser kepemimpinan tolak 3periode dan batalkan wacana tunda pemilu."",in,[],[],[],0,0,0,[],[],https://twitter.com/Aryakem47170934/status/1436786271892893699,False,,0,,,,,,,,""[{'screen_name': 'panca66', 'name': '#RepublikDagelan', 'id': '82042655'}]"",,,,";
"1436732113831612419,1436712647450320896,2021-09-11 23:43:23 SE Asia Standard Time,2021-09-11,23:43:23,700,1126484689718407168,yhantimiftha,Y-catsweety88739,,@Hermawa63129732 @hasmibakhtiar Klo yng diwakanda..tambah 3periode..besoknya indonesia bubar Tdk ada lagi indonesia yng ada indocina..pribumi jadi tamu dinegeri sendiri,in,[],[],[],0,0,5,[],[],https://twitter.com/yhantimiftha/status/1436732113831612419,False,,0,,,,,,,,""[{'screen_name': 'Hermawa63129732', 'name': 'Adem Ayem', 'id': '1393276711706390528'}, {'screen_name': 'hasmibakhtiar', 'name': 'Hasmi Bakhtiar', 'id': '230313497'}]"",,,,";
"1436718786770464774,1436695733889945600,2021-09-11 22:50:26 SE Asia Standard Time,2021-09-11,22:50:26,700,2993204930,muslikhmohamad,MuslikhM,,""@NovalAssegaf Tanda"""" 3periode njungkel..."",in,[],[],[],0,0,1,[],[],https://twitter.com/MuslikhMohamad/status/1436718786770464774,False,,0,,,,,,,,""[{'screen_name': 'NovalAssegaf', 'name': 'Noval Assegaf', 'id': '243880064'}]"",,,,";
"1436703511522152453,1436703511522152448,2021-09-11 21:49:44 SE Asia Standard Time,2021-09-11,21:49:44,700,1010113046,s0n_2000,#Puppet,,""setelah para ketua partai pendukung nya tegas tak setuju ad jabatan 3periode,  akhirnya nyerah dia !"",in,[],[],[],0,0,0,[],[],https://twitter.com/S0N_2000/status/1436703511522152453,False,https://twitter.com/CNNIndonesia/status/1436648695047413762,0,,,,,,,,[],,,,";
"1436641371373268997,1436558048605073408,2021-09-11 17:42:49 SE Asia Standard Time,2021-09-11,17:42:49,700,227554516,rosmanmulia,Rosman M,,@dayatia Orang insting biasanya ngga fasih berpidato apa ya? #3periode 😆,in,[],[],[],1,0,0,['3periode'],[],https://twitter.com/rosmanmulia/status/1436641371373268997,False,,0,,,,,,,,""[{'screen_name': 'dayatia', 'name': 'Tokugawa Ieyasu', 'id': '264104328'}]"",,,,";
"1436628752604168192,1436318991606329344,2021-09-11 16:52:40 SE Asia Standard Time,2021-09-11,16:52:40,700,1031008419359027200,ardisiniaja,Ardi,,@arwidodo @Doel15806331 @jokowi Tapi buzzerRP promo 3periode kok diam aja ??? 🤭😁😂,in,[],[],[],0,0,0,[],[],https://twitter.com/ArdiSiniAja/status/1436628752604168192,False,,0,,,,,,,,""[{'screen_name': 'arwidodo', 'name': 'Agus Widodo', 'id': '158162219'}, {'screen_name': 'Doel15806331', 'name': 'Doel', 'id': '1114572485326827520'}, {'screen_name': 'jokowi', 'name': 'Joko Widodo', 'id': '366987179'}]"",,,,";
"1436601150082457604,1436601150082457600,2021-09-11 15:02:59 SE Asia Standard Time,2021-09-11,15:02:59,700,36883384,rakyatketjil21,RakyatKeciL2021,,""Mantab, teruskan hingga 3periode hingga rakyat sulit bernafas hingga ngos²an didalam mencari nafkah disaat banyak yg dipehaka saat pandemi ini. Sedangkan para pejabat hartanya semakin bertambah banyak. 😔😢  https://t.co/Z1dfziYNJO"",in,[],[],""['https://pbs.twimg.com/media/E-_UuKjUcAAbncl.jpg', 'https://pbs.twimg.com/media/E-_UuQUVUAglQ3k.jpg']"",0,0,1,[],[],https://twitter.com/RakyatKetjiL21/status/1436601150082457604,False,https://twitter.com/CNNIndonesia/status/1436600086931247104,1,https://pbs.twimg.com/media/E-_UuKjUcAAbncl.jpg,,,,,,,[],,,,";
"1436569095244181504,1436566275476447232,2021-09-11 12:55:37 SE Asia Standard Time,2021-09-11,12:55:37,700,1426364836619821059,an_kiim,Korban Ceklist Satu,,""@JanissaryD_Last @Oposisi12Jam Gimana bang,  udahan apa lanjut 3periode?  #TolakSI_GantiRezim  #TolakSI_GantiRezim"",in,[],[],[],2,0,7,""['tolaksi_gantirezim', 'tolaksi_gantirezim']"",[],https://twitter.com/An_Kiim/status/1436569095244181504,False,,0,,,,,,,,""[{'screen_name': 'JanissaryD_Last', 'name': '🛡🏹 Last 🇵🇸 Janissary™️', 'id': '1016416136152268800'}, {'screen_name': 'Oposisi12Jam', 'name': '.', 'id': '1374920606483767297'}]"",,,,";
"1436515528139436034,1436308439643262976,2021-09-11 09:22:45 SE Asia Standard Time,2021-09-11,09:22:45,700,1380455038724665349,tils21md,lia🇮🇩,,@cehlos Lonceng nya udah 3periode bang  https://t.co/jA5LdMHz5z,in,[],[],['https://pbs.twimg.com/media/E--HPTHVIAMdgJK.jpg'],0,0,0,[],[],https://twitter.com/tils21md/status/1436515528139436034,False,,1,https://pbs.twimg.com/media/E--HPTHVIAMdgJK.jpg,,,,,,,""[{'screen_name': 'cehlos', 'name': 'CehLos Contest', 'id': '164629019'}]"",,,,";
"1436512282234609667,1435941257331691520,2021-09-11 09:09:51 SE Asia Standard Time,2021-09-11,09:09:51,700,518191393,antaz345,Algoritma,,@agis_official @SuwitoRobby Tapi ancaman pendukungnya malah mau 3periode....ancoor bro...😫🙄😏😴,in,[],[],[],0,0,0,[],[],https://twitter.com/antaz345/status/1436512282234609667,False,,0,,,,,,,,""[{'screen_name': 'agis_official', 'name': 'вαℓqєєss αℓαmery', 'id': '1300113544076095489'}, {'screen_name': 'SuwitoRobby', 'name': '🇸 🇺 🇵 🇪 🇷 🇧 🇴 🇾', 'id': '706500903147143168'}]"",,,,";
"1436436215801147395,1436436215801147392,2021-09-11 04:07:36 SE Asia Standard Time,2021-09-11,04:07:36,700,146183248,tpribadi,Batoshai,,""Kalau tiga periode, menurut ngana gmn? #Jokowi #3periode #rakyat #nafsu"",in,[],[],[],0,0,0,""['jokowi', '3periode', 'rakyat', 'nafsu']"",[],https://twitter.com/tpribadi/status/1436436215801147395,False,,0,,,,,,,,[],,,,";
"1436338559347093506,1436338559347093504,2021-09-10 21:39:33 SE Asia Standard Time,2021-09-10,21:39:33,700,1381958992998494208,r_kleptoz,Resim Kleptoz,,""Yakin tidak mau 3periode??? Setahun 8,9 M loh!!!  #147TriliunRaibKemana  #147TriliunRaibKemana  https://t.co/xxvJME2WWE"",in,[],[],['https://pbs.twimg.com/media/E-7mSHHVgAw96x5.jpg'],0,2,0,""['147triliunraibkemana', '147triliunraibkemana']"",[],https://twitter.com/R_Kleptoz/status/1436338559347093506,False,,1,https://pbs.twimg.com/media/E-7mSHHVgAw96x5.jpg,,,,,,,[],,,,";
1436318594279694340,1436318594279694336,2021-09-10 20:20:13 SE Asia Standard Time,2021-09-10,20:20:13,700,1257257335,todhias,Chief Hong ,,#3Periode,und,[],[],[],0,0,0,['3periode'],[],https://twitter.com/ToDhias/status/1436318594279694340,False,https://twitter.com/khrlahmd/status/1436318178473234433,0,,,,,,,,[],,,,;
"1436280740338024465,1436184698376450048,2021-09-10 17:49:47 SE Asia Standard Time,2021-09-10,17:49:47,700,1126368432675405824,iskamudeh,iskà.,,@ariel_heryanto Pantes wacana 3periode🙈🏃‍♂️,es,[],[],[],0,0,0,[],[],https://twitter.com/iskamudeh/status/1436280740338024465,False,,0,,,,,,,,""[{'screen_name': 'ariel_heryanto', 'name': 'Ariel Heryanto', 'id': '296143572'}]"",,,,";
"1436270168720642052,1436266892658761728,2021-09-10 17:07:47 SE Asia Standard Time,2021-09-10,17:07:47,700,1431516780992753667,muhamma64893401,Muhammad Rizki,,@jokowi Sehat terus presidenku..anda sakit warga lemah menjerit..3periode lbh serasi bagi semua..Indonesia aman..warga miskin bahagia..rancangan sedekah mu ke warga doa terbaik dari semua..smoga berlanjut jd pemimpin slamanya.. Trimks atas kebaikan mu..Sudi sy ingin bertemu o85213214511,in,[],[],[],1,1,7,[],[],https://twitter.com/Muhamma64893401/status/1436270168720642052,False,,0,,,,,,,,""[{'screen_name': 'jokowi', 'name': 'Joko Widodo', 'id': '366987179'}]"",,,,";
"1436216832235507746,1436189263586942976,2021-09-10 13:35:51 SE Asia Standard Time,2021-09-10,13:35:51,700,1431516780992753667,muhamma64893401,Muhammad Rizki,,""@jokowi Masya Allah prestasi mu lbh layak jabatan 20th Suharto. Bkn memuji tp iri dgn apa yg terjadi..jika anda 3periode alam ini akah bahagia..dunia fakir juga ikut ceria,PKH,BLT,umkm dll nya..sejarah ekonomi merata.10th mu rasa sbentar,wlau skrg sy berlinang karna keunagan covid tp thx"",in,[],[],[],0,1,2,[],[],https://twitter.com/Muhamma64893401/status/1436216832235507746,False,,0,,,,,,,,""[{'screen_name': 'jokowi', 'name': 'Joko Widodo', 'id': '366987179'}]"",,,,";
"1436211547244675073,1435946003706769408,2021-09-10 13:14:51 SE Asia Standard Time,2021-09-10,13:14:51,700,554063037,fadhilmusrofi,fadhil,,@CNNIndonesia semakin yakin 3periode,in,[],[],[],0,0,0,[],[],https://twitter.com/fadhilmusrofi/status/1436211547244675073,False,,0,,,,,,,,""[{'screen_name': 'CNNIndonesia', 'name': 'CNN Indonesia', 'id': '17128975'}]"",,,,";
"1436123977265528841,1436123977265528832,2021-09-10 07:26:52 SE Asia Standard Time,2021-09-10,07:26:52,700,50895997,kuntoadji,$i Jagur,,""Smua terserah """"rakyat"""". @jokowi taat aturan. #3periode"",in,""[{'screen_name': 'jokowi', 'name': 'joko widodo', 'id': '366987179'}]"",[],[],0,0,0,['3periode'],[],https://twitter.com/kuntoadji/status/1436123977265528841,False,https://twitter.com/RamliRizal/status/1436121546481811461,0,,,,,,,,[],,,,";
"1436119576970883082,1436119576970883072,2021-09-10 07:09:23 SE Asia Standard Time,2021-09-10,07:09:23,700,1204938996100419585,alviandrarahmat,Jokowi@fansClubIndonesia,,10th cuma Candi Hambalang yg terkenal.  Seandainya boleh 3periode Pilpres 2024 Pk jokowi lawan Pk SBY.. KAMI YAKIN Pk Jokowi Pasti Menang Telak.  @Rizmaya__ @nila_mrt @mulanbilqis @triwul82 @Aryprasetyo85 @AnakLolina2 @AgusYudhoyono @Andiarief__ @rachlannashidik @jansen_jsp,in,""[{'screen_name': 'rizmaya__', 'name': 'rizmaya', 'id': '382522068'}, {'screen_name': 'nila_mrt', 'name': 'nila murti tanjung 🇮🇩', 'id': '1292587300770025472'}, {'screen_name': 'mulanbilqis', 'name': 'm u l a n', 'id': '1138727688'}, {'screen_name': 'triwul82', 'name': 'kiv z#fni', 'id': '2695463725'}, {'screen_name': 'aryprasetyo85', 'name': 'ary prasetyo🇲🇨🇲🇨', 'id': '435004096'}, {'screen_name': 'anaklolina2', 'name': 'august', 'id': '1276794185425670144'}, {'screen_name': 'agusyudhoyono', 'name': 'agus harimurti yudhoyono (ahy)', 'id': '842986784'}, {'screen_name': 'andiarief__', 'name': 'andi arief', 'id': '3252997136'}, {'screen_name': 'rachlannashidik', 'name': 'rachland nashidik', 'id': '47154167'}, {'screen_name': 'jansen_jsp', 'name': 'jansen sitindaon', 'id': '856934112250126336'}]"",[],[],1,1,5,[],[],https://twitter.com/AlviandraRahmat/status/1436119576970883082,False,https://twitter.com/sami86pilang/status/1435933018347094020,0,,,,,,,,[],,,,";
"1436112544104542218,1433394669526810624,2021-09-10 06:41:26 SE Asia Standard Time,2021-09-10,06:41:26,700,1426150324050399234,jamilin93493941,Jamilin,,""@KompasTV Kalau ada yg bagus, ngapain milih lagi?. Salam 3periode."",in,[],[],[],0,0,0,[],[],https://twitter.com/Jamilin93493941/status/1436112544104542218,False,,0,,,,,,,,""[{'screen_name': 'KompasTV', 'name': 'KOMPAS TV', 'id': '71436318'}]"",,,,";
